{
  "project_info": {
    "project_number": "519536942210",
    "project_id": "complaintapp-1ec2a",
    "storage_bucket": "complaintapp-1ec2a.appspot.com"
  },
  "client": [
    {
      "client_info": {
        "mobilesdk_app_id": "1:519536942210:android:05ca7dd613eb5e17f4a89b",
        "android_client_info": {
          "package_name": "com.campusgearup"
        }
      },
      "oauth_client": [
        {
          "client_id": "519536942210-sg93oph25f0oofiinb5k8gtk7dg6lqff.apps.googleusercontent.com",
          "client_type": 1,
          "android_info": {
            "package_name": "com.campusgearup",
            "certificate_hash": "dd5b13401225096619a616541e53124aa856fcfa"
          }
        },
        {
          "client_id": "519536942210-63oghgluqm3no4gu3avaa8jhgehgtela.apps.googleusercontent.com",
          "client_type": 3
        }
      ],
      "api_key": [
        {
          "current_key": "AIzaSyCNQXViEnGz39RpoSuN_HfWh3s-SaF4bmg"
        }
      ],
      "services": {
        "appinvite_service": {
          "other_platform_oauth_client": [
            {
              "client_id": "519536942210-63oghgluqm3no4gu3avaa8jhgehgtela.apps.googleusercontent.com",
              "client_type": 3
            }
          ]
        }
      }
    },
    {
      "client_info": {
        "mobilesdk_app_id": "1:519536942210:android:955d89d49d08c20cf4a89b",
        "android_client_info": {
          "package_name": "com.hospitalcomplaintapp"
        }
      },
      "oauth_client": [
        {
          "client_id": "519536942210-9d0g36ons5rgsakn6lnjdrkqbuk2mlha.apps.googleusercontent.com",
          "client_type": 1,
          "android_info": {
            "package_name": "com.hospitalcomplaintapp",
            "certificate_hash": "dd5b13401225096619a616541e53124aa856fcfa"
          }
        },
        {
          "client_id": "519536942210-63oghgluqm3no4gu3avaa8jhgehgtela.apps.googleusercontent.com",
          "client_type": 3
        }
      ],
      "api_key": [
        {
          "current_key": "AIzaSyCNQXViEnGz39RpoSuN_HfWh3s-SaF4bmg"
        }
      ],
      "services": {
        "appinvite_service": {
          "other_platform_oauth_client": [
            {
              "client_id": "519536942210-63oghgluqm3no4gu3avaa8jhgehgtela.apps.googleusercontent.com",
              "client_type": 3
            }
          ]
        }
      }
    }
  ],
  "configuration_version": "1"
}